aggregate_output_tps_max,aggregate_output_tps_median,aggregate_output_tps_min,aggregate_output_tps_q25,aggregate_output_tps_q75,batch_wall_s_max,batch_wall_s_median,batch_wall_s_min,batch_wall_s_q25,batch_wall_s_q75,concurrency,decode_window_output_tps_max,decode_window_output_tps_median,decode_window_output_tps_min,decode_window_output_tps_q25,decode_window_output_tps_q75,effective_input_tps_max,effective_input_tps_median,effective_input_tps_min,effective_input_tps_q25,effective_input_tps_q75,max_cached_tokens,max_client_ttft_ms_max,max_client_ttft_ms_median,max_client_ttft_ms_min,max_client_ttft_ms_q25,max_client_ttft_ms_q75,median_client_ttft_ms_max,median_client_ttft_ms_median,median_client_ttft_ms_min,median_client_ttft_ms_q25,median_client_ttft_ms_q75,median_request_decode_tps_max,median_request_decode_tps_median,median_request_decode_tps_min,median_request_decode_tps_q25,median_request_decode_tps_q75,median_server_decode_tps_max,median_server_decode_tps_median,median_server_decode_tps_min,median_server_decode_tps_q25,median_server_decode_tps_q75,prompt_len,trials,weighted_accept_length_max,weighted_accept_length_median,weighted_accept_length_min,weighted_accept_length_q25,weighted_accept_length_q75
89.41738672060289,89.41738672060289,89.41738672060289,89.41738672060289,89.41738672060289,2.86297787699732,2.86297787699732,2.86297787699732,2.86297787699732,2.86297787699732,1,102.42476983272073,102.42476983272073,102.42476983272073,102.42476983272073,102.42476983272073,2750.407684019262,2750.407684019262,2750.407684019262,2750.407684019262,2750.407684019262,0,363.58246299641905,363.58246299641905,363.58246299641905,363.58246299641905,363.58246299641905,363.58246299641905,363.58246299641905,363.58246299641905,363.58246299641905,363.58246299641905,102.02467307556165,102.02467307556165,102.02467307556165,102.02467307556165,102.02467307556165,102.05277847210986,102.05277847210986,102.05277847210986,102.05277847210986,102.05277847210986,1000,1,4.491228070175438,4.491228070175438,4.491228070175438,4.491228070175438,4.491228070175438
138.47694091296523,138.47694091296523,138.47694091296523,138.47694091296523,138.47694091296523,3.6973664830002235,3.6973664830002235,3.6973664830002235,3.6973664830002235,3.6973664830002235,2,163.7115623857887,163.7115623857887,163.7115623857887,163.7115623857887,163.7115623857887,3424.942971588924,3424.942971588924,3424.942971588924,3424.942971588924,3424.942971588924,0,583.2467000000179,583.2467000000179,583.2467000000179,583.2467000000179,583.2467000000179,576.5807540010428,576.5807540010428,576.5807540010428,576.5807540010428,576.5807540010428,91.17112371290044,91.17112371290044,91.17112371290044,91.17112371290044,91.17112371290044,91.19828615638957,91.19828615638957,91.19828615638957,91.19828615638957,91.19828615638957,1000,1,4.876190476190477,4.876190476190477,4.876190476190477,4.876190476190477,4.876190476190477
177.79766737921366,177.79766737921366,177.79766737921366,177.79766737921366,177.79766737921366,5.759355649002828,5.759355649002828,5.759355649002828,5.759355649002828,5.759355649002828,4,223.03893169032793,223.03893169032793,223.03893169032793,223.03893169032793,223.03893169032793,3363.5401918360185,3363.5401918360185,3363.5401918360185,3363.5401918360185,3363.5401918360185,0,1188.815612003964,1188.815612003964,1188.815612003964,1188.815612003964,1188.815612003964,1188.0503245010914,1188.0503245010914,1188.0503245010914,1188.0503245010914,1188.0503245010914,66.32807850672057,66.32807850672057,66.32807850672057,66.32807850672057,66.32807850672057,66.34107073190808,66.34107073190808,66.34107073190808,66.34107073190808,66.34107073190808,1000,1,4.530973451327434,4.530973451327434,4.530973451327434,4.530973451327434,4.530973451327434
66.10688120569237,66.10688120569237,66.10688120569237,66.10688120569237,66.10688120569237,3.8725166780059226,3.8725166780059226,3.8725166780059226,3.8725166780059226,3.8725166780059226,1,82.51837195306909,82.51837195306909,82.51837195306909,82.51837195306909,82.51837195306909,3895.207310430378,3895.207310430378,3895.207310430378,3895.207310430378,3895.207310430378,0,770.1772360014729,770.1772360014729,770.1772360014729,770.1772360014729,770.1772360014729,770.1772360014729,770.1772360014729,770.1772360014729,770.1772360014729,770.1772360014729,82.19603456262742,82.19603456262742,82.19603456262742,82.19603456262742,82.19603456262742,82.21520095812056,82.21520095812056,82.21520095812056,82.21520095812056,82.21520095812056,3000,1,3.764705882352941,3.764705882352941,3.764705882352941,3.764705882352941,3.764705882352941
111.9964561976084,111.9964561976084,111.9964561976084,111.9964561976084,111.9964561976084,4.571573221001017,4.571573221001017,4.571573221001017,4.571573221001017,4.571573221001017,2,165.47399876157604,165.47399876157604,165.47399876157604,165.47399876157604,165.47399876157604,3611.8021384876924,3611.8021384876924,3611.8021384876924,3611.8021384876924,3611.8021384876924,0,1660.2020580030512,1660.2020580030512,1660.2020580030512,1660.2020580030512,1660.2020580030512,1568.816789000266,1568.816789000266,1568.816789000266,1568.816789000266,1568.816789000266,86.67077407465474,86.67077407465474,86.67077407465474,86.67077407465474,86.67077407465474,86.69446632188777,86.69446632188777,86.69446632188777,86.69446632188777,86.69446632188777,3000,1,5.12,5.12,5.12,5.12,5.12
109.32124607966499,109.32124607966499,109.32124607966499,109.32124607966499,109.32124607966499,9.366889207005443,9.366889207005443,9.366889207005443,9.366889207005443,9.366889207005443,4,133.26975847002055,133.26975847002055,133.26975847002055,133.26975847002055,133.26975847002055,1726.0239467366368,1726.0239467366368,1726.0239467366368,1726.0239467366368,1726.0239467366368,0,6948.24907000293,6948.24907000293,6948.24907000293,6948.24907000293,6948.24907000293,2177.489041499939,2177.489041499939,2177.489041499939,2177.489041499939,2177.489041499939,60.62725076645995,60.62725076645995,60.62725076645995,60.62725076645995,60.62725076645995,60.6411119248341,60.6411119248341,60.6411119248341,60.6411119248341,60.6411119248341,3000,1,4.471615720524017,4.471615720524017,4.471615720524017,4.471615720524017,4.471615720524017
71.32129369571527,71.32129369571527,71.32129369571527,71.32129369571527,71.32129369571527,3.5893908639991423,3.5893908639991423,3.5893908639991423,3.5893908639991423,3.5893908639991423,1,110.22287656792543,110.22287656792543,110.22287656792543,110.22287656792543,110.22287656792543,3946.878155434421,3946.878155434421,3946.878155434421,3946.878155434421,3946.878155434421,0,1266.824006997922,1266.824006997922,1266.824006997922,1266.824006997922,1266.824006997922,1266.824006997922,1266.824006997922,1266.824006997922,1266.824006997922,1266.824006997922,109.79231845633196,109.79231845633196,109.79231845633196,109.79231845633196,109.79231845633196,109.82263548779761,109.82263548779761,109.82263548779761,109.82263548779761,109.82263548779761,5000,1,5.12,5.12,5.12,5.12,5.12
86.35598921028324,86.35598921028324,86.35598921028324,86.35598921028324,86.35598921028324,5.928946037005517,5.928946037005517,5.928946037005517,5.928946037005517,5.928946037005517,2,146.18661776052812,146.18661776052812,146.18661776052812,146.18661776052812,146.18661776052812,4098.08223135607,4098.08223135607,4098.08223135607,4098.08223135607,4098.08223135607,0,2438.4079090013984,2438.4079090013984,2438.4079090013984,2438.4079090013984,2438.4079090013984,2432.490688501275,2432.490688501275,2432.490688501275,2432.490688501275,2432.490688501275,84.4486938007617,84.4486938007617,84.4486938007617,84.4486938007617,84.4486938007617,84.47122911183612,84.47122911183612,84.47122911183612,84.47122911183612,84.47122911183612,5000,1,4.654545454545454,4.654545454545454,4.654545454545454,4.654545454545454,4.654545454545454
95.18651389467794,95.18651389467794,95.18651389467794,95.18651389467794,95.18651389467794,10.75782648299355,10.75782648299355,10.75782648299355,10.75782648299355,10.75782648299355,4,130.14267194423388,130.14267194423388,130.14267194423388,130.14267194423388,130.14267194423388,2631.2506836128414,2631.2506836128414,2631.2506836128414,2631.2506836128414,2631.2506836128414,0,7595.597587998782,7595.597587998782,7595.597587998782,7595.597587998782,7595.597587998782,3593.525394000608,3593.525394000608,3593.525394000608,3593.525394000608,3593.525394000608,63.83509777193841,63.83509777193841,63.83509777193841,63.83509777193841,63.83509777193841,63.8467954927427,63.8467954927427,63.8467954927427,63.8467954927427,63.8467954927427,5000,1,4.675799086757991,4.675799086757991,4.675799086757991,4.675799086757991,4.675799086757991
53.34096408050192,53.34096408050192,53.34096408050192,53.34096408050192,53.34096408050192,4.799313331001031,4.799313331001031,4.799313331001031,4.799313331001031,4.799313331001031,1,83.23094683295245,83.23094683295245,83.23094683295245,83.23094683295245,83.23094683295245,4061.42189989728,4061.42189989728,4061.42189989728,4061.42189989728,4061.42189989728,0,1723.534312004631,1723.534312004631,1723.534312004631,1723.534312004631,1723.534312004631,1723.534312004631,1723.534312004631,1723.534312004631,1723.534312004631,1723.534312004631,82.90582594688622,82.90582594688622,82.90582594688622,82.90582594688622,82.90582594688622,82.92399604538788,82.92399604538788,82.92399604538788,82.92399604538788,82.92399604538788,7000,1,3.878787878787879,3.878787878787879,3.878787878787879,3.878787878787879,3.878787878787879
81.22742633206413,81.22742633206413,81.22742633206413,81.22742633206413,81.22742633206413,6.303289702998882,6.303289702998882,6.303289702998882,6.303289702998882,6.303289702998882,2,150.15797241936517,150.15797241936517,150.15797241936517,150.15797241936517,150.15797241936517,4138.644582878688,4138.644582878688,4138.644582878688,4138.644582878688,4138.644582878688,0,3380.5484260010417,3380.5484260010417,3380.5484260010417,3380.5484260010417,3380.5484260010417,3137.047882002662,3137.047882002662,3137.047882002662,3137.047882002662,3137.047882002662,83.37472027952441,83.37472027952441,83.37472027952441,83.37472027952441,83.37472027952441,83.39825268439185,83.39825268439185,83.39825268439185,83.39825268439185,83.39825268439185,7000,1,5.171717171717172,5.171717171717172,5.171717171717172,5.171717171717172,5.171717171717172
76.85183629845707,76.85183629845707,76.85183629845707,76.85183629845707,76.85183629845707,13.324340045997815,13.324340045997815,13.324340045997815,13.324340045997815,13.324340045997815,4,98.32706903757871,98.32706903757871,98.32706903757871,98.32706903757871,98.32706903757871,2718.165466838784,2718.165466838784,2718.165466838784,2718.165466838784,2718.165466838784,0,10294.395516000804,10294.395516000804,10294.395516000804,10294.395516000804,10294.395516000804,4961.8928205018165,4961.8928205018165,4961.8928205018165,4961.8928205018165,4961.8928205018165,58.20135788152197,58.20135788152197,58.20135788152197,58.20135788152197,58.20135788152197,58.21641874752895,58.21641874752895,58.21641874752895,58.21641874752895,58.21641874752895,7000,1,4.675799086757991,4.675799086757991,4.675799086757991,4.675799086757991,4.675799086757991
56.777465207874506,56.777465207874506,56.777465207874506,56.777465207874506,56.777465207874506,4.508831084000121,4.508831084000121,4.508831084000121,4.508831084000121,4.508831084000121,1,113.89366924303818,113.89366924303818,113.89366924303818,113.89366924303818,113.89366924303818,3980.327362923371,3980.327362923371,3980.327362923371,3980.327362923371,3980.327362923371,0,2261.1205509965657,2261.1205509965657,2261.1205509965657,2261.1205509965657,2261.1205509965657,2261.1205509965657,2261.1205509965657,2261.1205509965657,2261.1205509965657,2261.1205509965657,113.44877209755755,113.44877209755755,113.44877209755755,113.44877209755755,113.44877209755755,113.47886629757586,113.47886629757586,113.47886629757586,113.47886629757586,113.47886629757586,9000,1,5.333333333333333,5.333333333333333,5.333333333333333,5.333333333333333,5.333333333333333
65.27252811912165,65.27252811912165,65.27252811912165,65.27252811912165,65.27252811912165,7.84403507499519,7.84403507499519,7.84403507499519,7.84403507499519,7.84403507499519,2,133.02747555685036,133.02747555685036,133.02747555685036,133.02747555685036,133.02747555685036,4018.825128924051,4018.825128924051,4018.825128924051,4018.825128924051,4018.825128924051,0,4476.370514996233,4476.370514996233,4476.370514996233,4476.370514996233,4476.370514996233,4235.788316495018,4235.788316495018,4235.788316495018,4235.788316495018,4235.788316495018,71.0566720115232,71.0566720115232,71.0566720115232,71.0566720115232,71.0566720115232,71.11190712705636,71.11190712705636,71.11190712705636,71.11190712705636,71.11190712705636,9000,1,4.413793103448276,4.413793103448276,4.413793103448276,4.413793103448276,4.413793103448276
66.90650846172962,66.90650846172962,66.90650846172962,66.90650846172962,66.90650846172962,15.304938541004958,15.304938541004958,15.304938541004958,15.304938541004958,15.304938541004958,4,90.16833275169044,90.16833275169044,90.16833275169044,90.16833275169044,90.16833275169044,2789.8489558681345,2789.8489558681345,2789.8489558681345,2789.8489558681345,2789.8489558681345,0,12896.15963200049,12896.15963200049,12896.15963200049,12896.15963200049,12896.15963200049,6244.329934503185,6244.329934503185,6244.329934503185,6244.329934503185,6244.329934503185,46.642767492433,46.642767492433,46.642767492433,46.642767492433,46.642767492433,46.67159432574287,46.67159432574287,46.67159432574287,46.67159432574287,46.67159432574287,9000,1,4.551111111111111,4.551111111111111,4.551111111111111,4.551111111111111,4.551111111111111
44.340986975884356,44.340986975884356,44.340986975884356,44.340986975884356,44.340986975884356,5.773439372002031,5.773439372002031,5.773439372002031,5.773439372002031,5.773439372002031,1,85.18026343458406,85.18026343458406,85.18026343458406,85.18026343458406,85.18026343458406,3973.919042157013,3973.919042157013,3973.919042157013,3973.919042157013,3973.919042157013,0,2768.0483380027,2768.0483380027,2768.0483380027,2768.0483380027,2768.0483380027,2768.0483380027,2768.0483380027,2768.0483380027,2768.0483380027,2768.0483380027,84.84752803054272,84.84752803054272,84.84752803054272,84.84752803054272,84.84752803054272,84.86279219676798,84.86279219676798,84.86279219676798,84.86279219676798,84.86279219676798,11000,1,4.0,4.0,4.0,4.0,4.0
54.56461035486487,54.56461035486487,54.56461035486487,54.56461035486487,54.56461035486487,9.38337132200104,9.38337132200104,9.38337132200104,9.38337132200104,9.38337132200104,2,94.56997111060211,94.56997111060211,94.56997111060211,94.56997111060211,94.56997111060211,4028.967707901111,4028.967707901111,4028.967707901111,4028.967707901111,4028.967707901111,0,5457.417551006074,5457.417551006074,5457.417551006074,5457.417551006074,5457.417551006074,4713.404078003805,4713.404078003805,4713.404078003805,4713.404078003805,4713.404078003805,65.70773029135862,65.70773029135862,65.70773029135862,65.70773029135862,65.70773029135862,65.72296007995797,65.72296007995797,65.72296007995797,65.72296007995797,65.72296007995797,11000,1,4.162601626016261,4.162601626016261,4.162601626016261,4.162601626016261,4.162601626016261
60.5153310833319,60.5153310833319,60.5153310833319,60.5153310833319,60.5153310833319,16.921331862002262,16.921331862002262,16.921331862002262,16.921331862002262,16.921331862002262,4,79.07753050774181,79.07753050774181,79.07753050774181,79.07753050774181,79.07753050774181,2994.3688452776905,2994.3688452776905,2994.3688452776905,2994.3688452776905,2994.3688452776905,0,14685.351619998983,14685.351619998983,14685.351619998983,14685.351619998983,14685.351619998983,7616.169879998779,7616.169879998779,7616.169879998779,7616.169879998779,7616.169879998779,33.36678413097815,33.36678413097815,33.36678413097815,33.36678413097815,33.36678413097815,33.37111120776008,33.37111120776008,33.37111120776008,33.37111120776008,33.37111120776008,11000,1,4.633484162895928,4.633484162895928,4.633484162895928,4.633484162895928,4.633484162895928
40.8890135126004,40.8890135126004,40.8890135126004,40.8890135126004,40.8890135126004,6.260850483005925,6.260850483005925,6.260850483005925,6.260850483005925,6.260850483005925,1,87.94532239488079,87.94532239488079,87.94532239488079,87.94532239488079,87.94532239488079,3880.653862450021,3880.653862450021,3880.653862450021,3880.653862450021,3880.653862450021,0,3349.9509260000195,3349.9509260000195,3349.9509260000195,3349.9509260000195,3349.9509260000195,3349.9509260000195,3349.9509260000195,3349.9509260000195,3349.9509260000195,3349.9509260000195,87.60178597927579,87.60178597927579,87.60178597927579,87.60178597927579,87.60178597927579,87.62068259921999,87.62068259921999,87.62068259921999,87.62068259921999,87.62068259921999,13000,1,4.129032258064516,4.129032258064516,4.129032258064516,4.129032258064516,4.129032258064516
51.09027653468442,51.09027653468442,51.09027653468442,51.09027653468442,51.09027653468442,10.02147638900351,10.02147638900351,10.02147638900351,10.02147638900351,10.02147638900351,2,101.99958985919163,101.99958985919163,101.99958985919163,101.99958985919163,101.99958985919163,3987.9821525893653,3987.9821525893653,3987.9821525893653,3987.9821525893653,3987.9821525893653,0,6516.0981669978355,6516.0981669978355,6516.0981669978355,6516.0981669978355,6516.0981669978355,5758.973264499218,5758.973264499218,5758.973264499218,5758.973264499218,5758.973264499218,67.5733811896922,67.5733811896922,67.5733811896922,67.5733811896922,67.5733811896922,67.59091067486665,67.59091067486665,67.59091067486665,67.59091067486665,67.59091067486665,13000,1,4.491228070175438,4.491228070175438,4.491228070175438,4.491228070175438,4.491228070175438
52.08965998243008,52.08965998243008,52.08965998243008,52.08965998243008,52.08965998243008,19.658412060001865,19.658412060001865,19.658412060001865,19.658412060001865,19.658412060001865,4,70.06641163948755,70.06641163948755,70.06641163948755,70.06641163948755,70.06641163948755,3076.2330174238223,3076.2330174238223,3076.2330174238223,3076.2330174238223,3076.2330174238223,0,16893.37448900187,16893.37448900187,16893.37448900187,16893.37448900187,16893.37448900187,8933.57882949931,8933.57882949931,8933.57882949931,8933.57882949931,8933.57882949931,40.0031292108094,40.0031292108094,40.0031292108094,40.0031292108094,40.0031292108094,40.02652157042601,40.02652157042601,40.02652157042601,40.02652157042601,40.02652157042601,13000,1,4.551111111111111,4.551111111111111,4.551111111111111,4.551111111111111,4.551111111111111
39.194475098801014,39.194475098801014,39.194475098801014,39.194475098801014,39.194475098801014,6.531532807995973,6.531532807995973,6.531532807995973,6.531532807995973,6.531532807995973,1,96.85065463841954,96.85065463841954,96.85065463841954,96.85065463841954,96.85065463841954,3857.739035113094,3857.739035113094,3857.739035113094,3857.739035113094,3857.739035113094,0,3888.2878969961894,3888.2878969961894,3888.2878969961894,3888.2878969961894,3888.2878969961894,3888.2878969961894,3888.2878969961894,3888.2878969961894,3888.2878969961894,3888.2878969961894,96.47233176873821,96.47233176873821,96.47233176873821,96.47233176873821,96.47233176873821,96.49494596380737,96.49494596380737,96.49494596380737,96.49494596380737,96.49494596380737,15000,1,4.571428571428571,4.571428571428571,4.571428571428571,4.571428571428571,4.571428571428571
47.85943357568871,47.85943357568871,47.85943357568871,47.85943357568871,47.85943357568871,10.697995394999452,10.697995394999452,10.697995394999452,10.697995394999452,10.697995394999452,2,92.27910972959161,92.27910972959161,92.27910972959161,92.27910972959161,92.27910972959161,3874.2569365854065,3874.2569365854065,3874.2569365854065,3874.2569365854065,3874.2569365854065,0,7739.6264350027195,7739.6264350027195,7739.6264350027195,7739.6264350027195,7739.6264350027195,6444.618567998987,6444.618567998987,6444.618567998987,6444.618567998987,6444.618567998987,68.77610708651076,68.77610708651076,68.77610708651076,68.77610708651076,68.77610708651076,68.78726513268484,68.78726513268484,68.78726513268484,68.78726513268484,68.78726513268484,15000,1,5.446808510638298,5.446808510638298,5.446808510638298,5.446808510638298,5.446808510638298
47.67050012959757,47.67050012959757,47.67050012959757,47.67050012959757,47.67050012959757,21.480789948000165,21.480789948000165,21.480789948000165,21.480789948000165,21.480789948000165,4,62.48599406039172,62.48599406039172,62.48599406039172,62.48599406039172,62.48599406039172,3069.344552936054,3069.344552936054,3069.344552936054,3069.344552936054,3069.344552936054,0,19536.729396997544,19536.729396997544,19536.729396997544,19536.729396997544,19536.729396997544,10296.377642000152,10296.377642000152,10296.377642000152,10296.377642000152,10296.377642000152,42.50289597265947,42.50289597265947,42.50289597265947,42.50289597265947,42.50289597265947,42.51286026555672,42.51286026555672,42.51286026555672,42.51286026555672,42.51286026555672,15000,1,4.697247706422019,4.697247706422019,4.697247706422019,4.697247706422019,4.697247706422019
33.36398862224712,33.36398862224712,33.36398862224712,33.36398862224712,33.36398862224712,7.6729435109955375,7.6729435109955375,7.6729435109955375,7.6729435109955375,7.6729435109955375,1,80.16821669347387,80.16821669347387,80.16821669347387,80.16821669347387,80.16821669347387,3794.932508759912,3794.932508759912,3794.932508759912,3794.932508759912,3794.932508759912,0,4479.658059994108,4479.658059994108,4479.658059994108,4479.658059994108,4479.658059994108,4479.658059994108,4479.658059994108,4479.658059994108,4479.658059994108,4479.658059994108,79.85505959701497,79.85505959701497,79.85505959701497,79.85505959701497,79.85505959701497,79.87333890138554,79.87333890138554,79.87333890138554,79.87333890138554,79.87333890138554,17000,1,3.764705882352941,3.764705882352941,3.764705882352941,3.764705882352941,3.764705882352941
43.40260833566634,43.40260833566634,43.40260833566634,43.40260833566634,43.40260833566634,11.796526053003618,11.796526053003618,11.796526053003618,11.796526053003618,11.796526053003618,2,91.25144808220227,91.25144808220227,91.25144808220227,91.25144808220227,91.25144808220227,3859.038010245293,3859.038010245293,3859.038010245293,3859.038010245293,3859.038010245293,0,8805.997038005444,8805.997038005444,8805.997038005444,8805.997038005444,8805.997038005444,7495.826614001999,7495.826614001999,7495.826614001999,7495.826614001999,7495.826614001999,78.80301201271905,78.80301201271905,78.80301201271905,78.80301201271905,78.80301201271905,78.82940851473336,78.82940851473336,78.82940851473336,78.82940851473336,78.82940851473336,17000,1,5.505376344086022,5.505376344086022,5.505376344086022,5.505376344086022,5.505376344086022
41.92840495124248,41.92840495124248,41.92840495124248,41.92840495124248,41.92840495124248,24.422584193001967,24.422584193001967,24.422584193001967,24.422584193001967,24.422584193001967,4,56.16375460626388,56.16375460626388,56.16375460626388,56.16375460626388,56.16375460626388,3203.81101733345,3203.81101733345,3203.81101733345,3203.81101733345,3203.81101733345,0,21211.88592699764,21211.88592699764,21211.88592699764,21211.88592699764,21211.88592699764,11787.260895500367,11787.260895500367,11787.260895500367,11787.260895500367,11787.260895500367,47.222366724081276,47.222366724081276,47.222366724081276,47.222366724081276,47.222366724081276,47.23555210255282,47.23555210255282,47.23555210255282,47.23555210255282,47.23555210255282,17000,1,4.571428571428571,4.571428571428571,4.571428571428571,4.571428571428571,4.571428571428571
35.245204028976964,35.245204028976964,35.245204028976964,35.245204028976964,35.245204028976964,7.263399575997028,7.263399575997028,7.263399575997028,7.263399575997028,7.263399575997028,1,115.85777503929025,115.85777503929025,115.85777503929025,115.85777503929025,115.85777503929025,3759.5518262966602,3759.5518262966602,3759.5518262966602,3759.5518262966602,3759.5518262966602,0,5053.793876999407,5053.793876999407,5053.793876999407,5053.793876999407,5053.793876999407,5053.793876999407,5053.793876999407,5053.793876999407,5053.793876999407,5053.793876999407,115.40520560554302,115.40520560554302,115.40520560554302,115.40520560554302,115.40520560554302,115.43798915738003,115.43798915738003,115.43798915738003,115.43798915738003,115.43798915738003,19000,1,5.446808510638298,5.446808510638298,5.446808510638298,5.446808510638298,5.446808510638298
37.346462888509656,37.346462888509656,37.346462888509656,37.346462888509656,37.346462888509656,13.709464307998132,13.709464307998132,13.709464307998132,13.709464307998132,13.709464307998132,2,69.01367531683665,69.01367531683665,69.01367531683665,69.01367531683665,69.01367531683665,3796.0015390987323,3796.0015390987323,3796.0015390987323,3796.0015390987323,3796.0015390987323,0,10004.994661998353,10004.994661998353,10004.994661998353,10004.994661998353,10004.994661998353,8147.819736499514,8147.819736499514,8147.819736499514,8147.819736499514,8147.819736499514,65.98947369710051,65.98947369710051,65.98947369710051,65.98947369710051,65.98947369710051,66.01007249952268,66.01007249952268,66.01007249952268,66.01007249952268,66.01007249952268,19000,1,4.530973451327434,4.530973451327434,4.530973451327434,4.530973451327434,4.530973451327434
36.901066338680806,36.901066338680806,36.901066338680806,36.901066338680806,36.901066338680806,27.74987558900466,27.74987558900466,27.74987558900466,27.74987558900466,27.74987558900466,4,47.68548399597954,47.68548399597954,47.68548399597954,47.68548399597954,47.68548399597954,3156.2957204458135,3156.2957204458135,3156.2957204458135,3156.2957204458135,3156.2957204458135,0,24065.733720002754,24065.733720002754,24065.733720002754,24065.733720002754,24065.733720002754,13235.393033504806,13235.393033504806,13235.393033504806,13235.393033504806,13235.393033504806,30.096519122438856,30.096519122438856,30.096519122438856,30.096519122438856,30.096519122438856,30.10020572610094,30.10020572610094,30.10020572610094,30.10020572610094,30.10020572610094,19000,1,4.2845188284518825,4.2845188284518825,4.2845188284518825,4.2845188284518825,4.2845188284518825
28.05615238298188,28.05615238298188,28.05615238298188,28.05615238298188,28.05615238298188,9.12455836799927,9.12455836799927,9.12455836799927,9.12455836799927,9.12455836799927,1,75.71480874354823,75.71480874354823,75.71480874354823,75.71480874354823,75.71480874354823,3656.3391834814774,3656.3391834814774,3656.3391834814774,3656.3391834814774,3656.3391834814774,0,5743.449649002287,5743.449649002287,5743.449649002287,5743.449649002287,5743.449649002287,5743.449649002287,5743.449649002287,5743.449649002287,5743.449649002287,5743.449649002287,75.41904777189374,75.41904777189374,75.41904777189374,75.41904777189374,75.41904777189374,75.4342295992319,75.4342295992319,75.4342295992319,75.4342295992319,75.4342295992319,21000,1,3.5555555555555554,3.5555555555555554,3.5555555555555554,3.5555555555555554,3.5555555555555554
31.222165568983588,31.222165568983588,31.222165568983588,31.222165568983588,31.222165568983588,16.39860626799782,16.39860626799782,16.39860626799782,16.39860626799782,16.39860626799782,2,56.947013015642256,56.947013015642256,56.947013015642256,56.947013015642256,56.947013015642256,3741.6233098578186,3741.6233098578186,3741.6233098578186,3741.6233098578186,3741.6233098578186,0,11219.813627001713,11219.813627001713,11219.813627001713,11219.813627001713,11219.813627001713,9313.802963999478,9313.802963999478,9313.802963999478,9313.802963999478,9313.802963999478,42.73288536031832,42.73288536031832,42.73288536031832,42.73288536031832,42.73288536031832,42.739059968025984,42.739059968025984,42.739059968025984,42.739059968025984,42.739059968025984,21000,1,3.390728476821192,3.390728476821192,3.390728476821192,3.390728476821192,3.390728476821192
33.13886130652829,33.13886130652829,33.13886130652829,33.13886130652829,33.13886130652829,30.900277185995947,30.900277185995947,30.900277185995947,30.900277185995947,30.900277185995947,4,43.61631496970783,43.61631496970783,43.61631496970783,43.61631496970783,43.61631496970783,3149.587897211554,3149.587897211554,3149.587897211554,3149.587897211554,3149.587897211554,0,26660.163218999514,26660.163218999514,26660.163218999514,26660.163218999514,26660.163218999514,14795.671248499275,14795.671248499275,14795.671248499275,14795.671248499275,14795.671248499275,21.615569475807888,21.615569475807888,21.615569475807888,21.615569475807888,21.615569475807888,21.61785322794087,21.61785322794087,21.61785322794087,21.61785322794087,21.61785322794087,21000,1,3.878787878787879,3.878787878787879,3.878787878787879,3.878787878787879,3.878787878787879
28.493954301549874,28.493954301549874,28.493954301549874,28.493954301549874,28.493954301549874,8.98436199099524,8.98436199099524,8.98436199099524,8.98436199099524,8.98436199099524,1,92.39320449497474,92.39320449497474,92.39320449497474,92.39320449497474,92.39320449497474,3701.5605859604325,3701.5605859604325,3701.5605859604325,3701.5605859604325,3701.5605859604325,0,6213.595445995452,6213.595445995452,6213.595445995452,6213.595445995452,6213.595445995452,6213.595445995452,6213.595445995452,6213.595445995452,6213.595445995452,6213.595445995452,92.03229353991624,92.03229353991624,92.03229353991624,92.03229353991624,92.03229353991624,92.05737794983668,92.05737794983668,92.05737794983668,92.05737794983668,92.05737794983668,23000,1,4.338983050847458,4.338983050847458,4.338983050847458,4.338983050847458,4.338983050847458
32.61019894260339,32.61019894260339,32.61019894260339,32.61019894260339,32.61019894260339,15.700609521001752,15.700609521001752,15.700609521001752,15.700609521001752,15.700609521001752,2,62.258987426498656,62.258987426498656,62.258987426498656,62.258987426498656,62.258987426498656,3706.807647138379,3706.807647138379,3706.807647138379,3706.807647138379,3706.807647138379,0,12406.610414996976,12406.610414996976,12406.610414996976,12406.610414996976,12406.610414996976,9941.753823499312,9941.753823499312,9941.753823499312,9941.753823499312,9941.753823499312,66.81619489974264,66.81619489974264,66.81619489974264,66.81619489974264,66.81619489974264,66.83768507689744,66.83768507689744,66.83768507689744,66.83768507689744,66.83768507689744,23000,1,5.069306930693069,5.069306930693069,5.069306930693069,5.069306930693069,5.069306930693069
31.79163788743734,31.79163788743734,31.79163788743734,31.79163788743734,31.79163788743734,32.20972771599918,32.20972771599918,32.20972771599918,32.20972771599918,32.20972771599918,4,41.457522200309626,41.457522200309626,41.457522200309626,41.457522200309626,41.457522200309626,3132.413141062369,3132.413141062369,3132.413141062369,3132.413141062369,3132.413141062369,0,29356.13928100065,29356.13928100065,29356.13928100065,29356.13928100065,29356.13928100065,16342.723291501898,16342.723291501898,16342.723291501898,16342.723291501898,16342.723291501898,25.46892403449292,25.46892403449292,25.46892403449292,25.46892403449292,25.46892403449292,25.471908564560124,25.471908564560124,25.471908564560124,25.471908564560124,25.471908564560124,23000,1,4.530973451327434,4.530973451327434,4.530973451327434,4.530973451327434,4.530973451327434
26.052823028033032,26.052823028033032,26.052823028033032,26.052823028033032,26.052823028033032,9.826190418003534,9.826190418003534,9.826190418003534,9.826190418003534,9.826190418003534,1,87.44190130793763,87.44190130793763,87.44190130793763,87.44190130793763,87.44190130793763,3623.9593054489364,3623.9593054489364,3623.9593054489364,3623.9593054489364,3623.9593054489364,0,6898.532211002021,6898.532211002021,6898.532211002021,6898.532211002021,6898.532211002021,6898.532211002021,6898.532211002021,6898.532211002021,6898.532211002021,6898.532211002021,87.10033138095349,87.10033138095349,87.10033138095349,87.10033138095349,87.10033138095349,87.1267497599579,87.1267497599579,87.1267497599579,87.1267497599579,87.1267497599579,25000,1,4.129032258064516,4.129032258064516,4.129032258064516,4.129032258064516,4.129032258064516
28.469225879097614,28.469225879097614,28.469225879097614,28.469225879097614,28.469225879097614,17.984331649000524,17.984331649000524,17.984331649000524,17.984331649000524,17.984331649000524,2,55.097813983210884,55.097813983210884,55.097813983210884,55.097813983210884,55.097813983210884,3638.5448527086296,3638.5448527086296,3638.5448527086296,3638.5448527086296,3638.5448527086296,0,13736.363685995457,13736.363685995457,13736.363685995457,13736.363685995457,13736.363685995457,11214.065329000732,11214.065329000732,11214.065329000732,11214.065329000732,11214.065329000732,49.85322970133987,49.85322970133987,49.85322970133987,49.85322970133987,49.85322970133987,49.86419043596966,49.86419043596966,49.86419043596966,49.86419043596966,49.86419043596966,25000,1,3.8496240601503757,3.8496240601503757,3.8496240601503757,3.8496240601503757,3.8496240601503757
30.011548395174668,30.011548395174668,30.011548395174668,30.011548395174668,30.011548395174668,34.12019888199575,34.12019888199575,34.12019888199575,34.12019888199575,34.12019888199575,4,40.194279682025766,40.194279682025766,40.194279682025766,40.194279682025766,40.194279682025766,3139.718104734881,3139.718104734881,3139.718104734881,3139.718104734881,3139.718104734881,0,31835.45067099476,31835.45067099476,31835.45067099476,31835.45067099476,31835.45067099476,17884.494987501967,17884.494987501967,17884.494987501967,17884.494987501967,17884.494987501967,17.96333153382257,17.96333153382257,17.96333153382257,17.96333153382257,17.96333153382257,17.96423921953101,17.96423921953101,17.96423921953101,17.96423921953101,17.96423921953101,25000,1,4.71889400921659,4.71889400921659,4.71889400921659,4.71889400921659,4.71889400921659
